"","npp","vegc","soilc","litc","allc","allc_veg","rh"
"1700",66.7924738214643,1021.82300007427,2518.19301163128,494.141415569064,3012.33442720034,4034.15742727461,60.1526261636659
"1701",65.5930514536088,1021.78875253916,2518.37106631279,493.97882128302,3012.34988759581,4034.13864013497,59.9506140494367
"1702",65.5832274751959,1022.57088703981,2518.52566040345,493.261600306347,3011.7872607098,4034.35814774961,59.4906059435782
"1703",64.6533186620871,1020.97924677109,2519.06153013337,493.420213921707,3012.48174405507,4033.46099082616,59.7833102822927
"1704",65.9561579538952,1021.57883639595,2518.66006994055,493.017330430865,3011.67740037142,4033.25623676737,60.4420577111514
"1705",66.4289236484914,1021.89449452408,2518.29460266764,493.441813297321,3011.73641596496,4033.63091048904,60.1941660037655
"1706",66.6342742292324,1021.78568289721,2518.87408951233,494.090158560911,3012.96424807324,4034.74993097046,59.781203943962
"1707",67.2430449826265,1021.60600541412,2519.38896104236,495.658164503775,3015.04712554614,4036.65313096026,59.4198265122714
"1708",64.3877460120056,1020.14909775309,2519.40187949895,495.244670163267,3014.64654966221,4034.79564741531,59.982180994422
"1709",64.8759576559903,1019.8334488496,2519.29532007872,494.62907324663,3013.92439332535,4033.75784217495,60.160360885623
"1710",67.1564951945387,1021.2450349846,2519.61837520838,494.38154510845,3013.99992031683,4035.24495530143,60.0285965139306
"1711",68.2464415265438,1022.67100711961,2519.67188834025,494.567873863267,3014.23976220352,4036.91076932313,60.7768041382818
"1712",65.744671485948,1022.0306596981,2520.01767193977,494.27522982296,3014.29290176273,4036.32356146084,60.6340271489083
"1713",66.518930264096,1022.64830427127,2520.15267490928,493.597030345506,3013.74970525478,4036.39800952605,60.7504046156175
"1714",64.7651617023316,1021.18577595967,2519.81299162714,493.787357096321,3013.60034872346,4034.78612468313,60.2872110750357
"1715",66.5812414280763,1020.61545833553,2520.04424832454,494.57262904047,3014.61687736501,4035.23233570054,60.6913910589643
"1716",65.8600476959591,1021.40068420054,2519.5689831297,493.755329172951,3013.32431230265,4034.72499650319,60.6568210760694
"1717",66.4512048326412,1022.18069307927,2519.70871383559,493.234960156134,3012.94367399172,4035.124367071,60.529828909239
"1718",65.0682510958983,1021.66540715801,2519.56644511765,492.940842970453,3012.50728808811,4034.17269524612,60.1741970681472
"1719",63.4393114459081,1019.80180133004,2519.24829336639,492.836201227525,3012.08449459391,4031.88629592396,59.5600914253418
"1720",65.1172485830053,1019.38284163619,2518.78126885632,492.887634816635,3011.66890367295,4031.05174530914,60.3036293252226
"1721",65.5765490124058,1019.88566963846,2518.26596315416,493.009442459722,3011.27540561389,4031.16107525235,59.7244201932109
"1722",63.0325962147052,1018.14715771821,2517.80543239658,493.007576893902,3010.81300929048,4028.96016700869,59.0373595139568
"1723",65.318877563931,1018.84968135133,2517.52968972935,492.94794580069,3010.47763553004,4029.32731688137,59.0804142094627
"1724",67.1313963992394,1020.76899097057,2517.36951170173,493.284058343088,3010.65357004482,4031.42256101539,59.2315953649811
"1725",65.0660473648007,1020.81403768639,2517.05342106116,493.303724794591,3010.35714585575,4031.17118354214,59.6308025476469
"1726",67.0537270927754,1021.31902205227,2516.88225674021,493.72694698571,3010.60920372592,4031.92822577819,60.3169543689281
"1727",67.2355683624721,1022.86418671189,2517.1580435248,494.081992564106,3011.24003608891,4034.1042228008,59.3160697252002
"1728",65.9397648337543,1022.49338509622,2517.87279502164,494.144227584086,3012.01702260573,4034.51040770195,59.8154775757959
"1729",65.4459745539665,1021.72580497706,2518.54801588847,493.864239560954,3012.41225544943,4034.13806042649,59.6745202291888
"1730",66.8626789404249,1022.21833061275,2518.811003975,494.05053980402,3012.86154377902,4035.07987439177,60.1741837975054
"1731",65.7965135085157,1022.49988401328,2518.95334984412,493.788725390247,3012.74207523437,4035.24195924764,59.9713653417804
"1732",65.5231829262912,1023.27011107942,2519.0584846037,493.078589050592,3012.13707365429,4035.40718473371,59.4871322158573
"1733",64.4989252003536,1021.52797491724,2519.58192308019,493.256543540439,3012.83846662063,4034.36644153787,59.7654062678974
"1734",65.9637926513216,1022.16408590377,2519.15091882463,492.879550405991,3012.03046923063,4034.19455513439,60.4233533072223
"1735",66.4449229136807,1022.43502573077,2518.8167766753,493.354865606097,3012.1716422814,4034.60666801216,60.1633894340965
"1736",66.6367159745371,1022.38971505762,2519.31490144466,494.0365375633,3013.35143900796,4035.74115406558,59.7706538625712
"1737",67.1175437553625,1022.05639365585,2519.83130197637,495.66463422336,3015.49593619973,4037.55232985558,59.3876349341157
"1738",64.5279723072993,1020.72925903062,2519.85714773913,495.281297598456,3015.13844533758,4035.8677043682,59.9473554590026
"1739",64.7843768637996,1020.35806560326,2519.73150109314,494.636569398501,3014.36807049164,4034.7261360949,60.1616681555687
"1740",67.3067147823336,1021.90099701956,2520.07594606706,494.406559004561,3014.48250507162,4036.38350209118,59.9941622241816
"1741",68.1775844099496,1023.29049707593,2520.12090794642,494.549031208978,3014.66993915539,4037.96043623132,60.7754852701473
"1742",65.6824248809191,1022.6116647079,2520.46715791472,494.239091226502,3014.70624914122,4037.31791384912,60.6237417604903
"1743",66.5837931998479,1023.41068405695,2520.52174919903,493.525942285057,3014.04769148408,4037.45837554103,60.7282868900749
"1744",64.9065995073616,1022.11248656975,2520.19780618655,493.672752889228,3013.87055907578,4035.98304564553,60.2615931807454
"1745",66.4468359058635,1021.5028761484,2520.39085147337,494.421989314911,3014.81284078829,4036.31571693669,60.667555417975
"1746",65.8553012252807,1022.26797840593,2519.90351132251,493.682108560456,3013.58561988297,4035.8535982889,60.599270297576
"1747",66.2890570202873,1022.91556961795,2519.95949519424,493.235417716997,3013.19491291123,4036.11048252918,60.495514495324
"1748",64.8136867352634,1022.29272541791,2519.79622332319,492.826135592257,3012.62235891544,4034.91508433336,60.1194238764554
"1749",63.3291733545972,1020.49122018392,2519.39637680609,492.729300721711,3012.1256775278,4032.61689771172,59.4760770492484
"1750",64.9945703494554,1020.06409122893,2518.94016100417,492.698885161301,3011.63904616547,4031.70313739439,60.238950411482
"1751",65.7947994294933,1020.71548394721,2518.39334417719,493.019616962602,3011.41296113979,4032.12844508701,59.6386970852911
"1752",62.9088630578822,1018.81927046856,2517.88160863166,493.107805419812,3010.98941405147,4029.80868452003,59.0150450257806
"1753",65.3843004986251,1019.71146212733,2517.61310572846,492.961133692853,3010.57423942131,4030.28570154864,59.0137817366151
"1754",67.1729067859941,1021.70861947901,2517.42196278853,493.314032877343,3010.73599566588,4032.44461514489,59.1788220325718
"1755",65.0732297398019,1021.73439832199,2517.10969207446,493.40843751262,3010.51812958708,4032.25252790907,59.5631635138879
"1756",66.6151242077054,1022.04811746486,2516.89095246372,493.681000602087,3010.57195306581,4032.62007053067,60.2629332732296
"1757",67.0387468943365,1023.31319099954,2517.17531923426,494.203569310682,3011.37888854494,4034.69207954448,59.2202651863461
"1758",65.9608379997472,1023.16762442742,2517.84380926038,494.167191247282,3012.01100050766,4035.17862493508,59.7392265332035
"1759",65.6225093391265,1022.49295935137,2518.56628655474,493.960406859802,3012.52669341454,4035.01965276591,59.6203508994866
"1760",66.991238671491,1023.10295816959,2518.85350568264,494.176693562672,3013.03019924532,4036.1331574149,60.1394616003489
"1761",65.6865356685679,1023.31178896893,2519.04494967108,493.8515836124,3012.89653328348,4036.20832225242,59.9353369910942
"1762",65.6210606341225,1024.17456131441,2519.18801405659,493.115024470473,3012.30303852706,4036.47759984147,59.4559158066727
"1763",64.5856903170542,1022.42512936108,2519.71890895417,493.377068752649,3013.09597770682,4035.5211070679,59.7413534588067
"1764",65.8487467546436,1022.81258364669,2519.30284549714,493.112560956546,3012.41540645369,4035.22799010038,60.3951053993848
"1765",66.2880303227116,1022.91535448942,2518.93708038816,493.639928285759,3012.57700867392,4035.49236316334,60.1440874666994
"1766",66.5158281469832,1022.76384251013,2519.49242376212,494.276880643498,3013.76930440562,4036.53314691574,59.7265625498088
"1767",67.1092866035931,1022.47123609143,2520.03592700812,495.847069254981,3015.8829962631,4038.35423235453,59.3508137115712
"1768",64.4816135515303,1021.17336705392,2520.0957068379,495.354024194972,3015.44973103287,4036.6230980868,59.9305059022903
"1769",64.8642375320447,1020.9707212101,2519.9625625043,494.658951148408,3014.62151365271,4035.5922348628,60.1293826067834
"1770",67.1563797260934,1022.47675844336,2520.2279017676,494.410197956599,3014.6380997242,4037.11485816756,59.9748189543648
"1771",68.3530198041128,1024.03718280503,2520.29896827719,494.574716497798,3014.87368477499,4038.91086758002,60.7308748633826
"1772",65.7362974971451,1023.29013866261,2520.66079194257,494.384368717274,3015.04516065985,4038.33529932246,60.588693341231
"1773",66.4131203585245,1023.74264855179,2520.76312515716,493.825154255193,3014.58827941235,4038.33092796414,60.7004356176631
"1774",64.7407082530327,1022.17372644252,2520.45534851966,494.071319784932,3014.52666830459,4036.70039474711,60.236798996519
"1775",66.3548574641154,1021.54934838343,2520.66010215196,494.727221944154,3015.38732409611,4036.93667247954,60.6592522189482
"1776",65.6110190787383,1022.276093068,2520.16470108324,493.791154296422,3013.95585537966,4036.23194844766,60.5862774375582
"1777",66.2400019423106,1022.90573891336,2520.26545221414,493.286320040638,3013.55177225478,4036.45751116814,60.4637041719619
"1778",64.9938868889015,1022.47820081909,2520.10170941498,492.90073042922,3013.0024398442,4035.4806406633,60.1053807544767
"1779",63.6023901315476,1020.82727043999,2519.7336206929,492.900699608641,3012.63432030154,4033.46159074153,59.4767570988818
"1780",65.0160574487526,1020.29155714879,2519.29292889022,492.961155848748,3012.25408473897,4032.54564188775,60.2589314620641
"1781",65.658658154106,1020.82008963022,2518.72520200131,493.248850219861,3011.97405222117,4032.79414185139,59.6459648104683
"1782",62.8584178053212,1018.9265484558,2518.22225673479,493.321679270257,3011.54393600505,4030.47048446084,58.9884088698463
"1783",65.2544767033344,1019.61208686232,2517.97124564465,493.228980684657,3011.20022632931,4030.81231319163,58.9918383946979
"1784",67.0269703481812,1021.56352141366,2517.83122702497,493.434816078707,3011.26604310368,4032.82956451734,59.1724796462994
"1785",64.9429616204797,1021.46122338424,2517.52022114823,493.540107255225,3011.06032840346,4032.52155178769,59.5448544988772
"1786",66.7904392675633,1021.86887903634,2517.37355863609,493.823181806796,3011.19674044289,4033.06561947923,60.2531685124679
"1787",67.2435000332963,1023.40476505295,2517.69783128143,494.203377637453,3011.90120891889,4035.30597397184,59.2485803056197
"1788",66.1608385932531,1023.25657701117,2518.4165694946,494.271239515343,3012.68780900994,4035.94438602111,59.7738917457496
"1789",65.5823675067707,1022.45997438812,2519.11409324306,494.129132061525,3013.24322530459,4035.70319969271,59.6494194687847
"1790",66.7451466434534,1022.79975640278,2519.38091310007,494.359528813344,3013.74044191341,4036.54019831619,60.1356114995465
"1791",65.6865933127851,1022.98120471815,2519.56376170398,494.092486266951,3013.65624797094,4036.63745268909,59.9092211440089
"1792",65.5487236226164,1023.64975713174,2519.70750002717,493.482187360951,3013.18968738812,4036.83944451987,59.4636062582614
"1793",64.5610529950949,1021.95851055141,2520.25387379508,493.639121885312,3013.89299568039,4035.8515062318,59.7453505751212
"1794",65.8613817300457,1022.41571405089,2519.88217106419,493.26824595743,3013.15041702162,4035.5661310725,60.406835180508
"1795",66.2734080542063,1022.61186471425,2519.51180686461,493.675837049738,3013.18764391435,4035.7995086286,60.1619124773365
"1796",66.7024059192763,1022.38613946855,2520.12072905862,494.512202130592,3014.63293118921,4037.01907065776,59.7392668921372
"1797",67.2431077810344,1022.27714040877,2520.64497674911,496.021469164256,3016.66644591337,4038.94358632214,59.3952880203738
"1798",64.4570850543176,1020.90058177603,2520.67196845482,495.604322896569,3016.27629135138,4037.17687312742,59.947089740958
"1799",64.8784111447951,1020.59144976045,2520.60375661926,494.961298851332,3015.5650554706,4036.15650523105,60.1381734329476
"1800",67.2111092022031,1022.03962455326,2520.88047419247,494.785677603085,3015.66615179556,4037.70577634882,60.0031046119193
"1801",68.2476915977347,1023.6425746813,2520.94768680213,494.819392914302,3015.76707971644,4039.40965439774,60.7394126675331
"1802",65.7980607712064,1023.02379397362,2521.29227083222,494.592149035842,3015.88441986806,4038.90821384168,60.5903338912409
"1803",66.1782213416389,1023.489493717,2521.35161377163,493.804985277228,3015.15659904885,4038.64609276585,60.7163529765021
"1804",64.7823394377869,1022.09868412285,2521.02358116751,493.968007743617,3014.99158891113,4037.09027303398,60.194670492566
"1805",66.3393730714726,1021.37123494113,2521.22752880946,494.741992191413,3015.96952100088,4037.34075594201,60.6375264660659
"1806",65.758297604452,1022.17203248776,2520.73801478069,493.888337947458,3014.62635272815,4036.7983852159,60.5758173323778
"1807",66.5130255097934,1023.05976898681,2520.8539465072,493.401884695267,3014.25583120247,4037.31560018927,60.4523970308837
"1808",65.0908337226899,1022.58637374108,2520.69333676096,493.117254638952,3013.81059139991,4036.39696514099,60.1199395544849
"1809",63.3703535261857,1020.66470728755,2520.33825472479,493.112895128345,3013.45114985313,4034.11585714068,59.4894749645192
"1810",65.0388435770127,1020.30888801489,2519.8763195212,493.066274138793,3012.94259366,4033.25148167488,60.2315927994606
"1811",65.6556164490967,1020.80138670645,2519.33537155933,493.364186948528,3012.69955850786,4033.50094521431,59.6471900550012
"1812",62.7997913021716,1018.82893493138,2518.85899551293,493.422755882315,3012.28175139524,4031.11068632662,58.9835849586372
"1813",65.2740848323051,1019.52530518673,2518.62587717486,493.334680372971,3011.96055754783,4031.48586273456,58.987386366155
"1814",67.3068840103254,1021.5847222501,2518.49198627692,493.721375332212,3012.21336160913,4033.79808385923,59.1675798004822
"1815",64.9806103623165,1021.49382984193,2518.22849174625,493.762968472934,3011.99146021919,4033.48529006111,59.5921781801388
"1816",66.8229944124114,1021.97219832293,2518.05273605956,494.039178947171,3012.09191500673,4034.06411332966,60.2620515456588
"1817",67.1969174063102,1023.52304499189,2518.32548226071,494.422174631732,3012.74765689244,4036.27070188433,59.2564577259776
"1818",66.0143897899099,1023.23351734107,2519.1053306322,494.461422037123,3013.56675266933,4036.80027001039,59.7641969432497
"1819",65.5151802716288,1022.5991595497,2519.77825832573,494.085854367342,3013.86411269307,4036.46327224277,59.6483433876358
"1820",66.7455767023289,1022.95454716494,2520.06485515416,494.281659544441,3014.34651469861,4037.30106186355,60.1255991385679
"1821",65.7504829156457,1023.23885478077,2520.23228742764,493.965871195953,3014.1981586236,4037.43701340437,59.9279057230462
"1822",65.5501700170573,1024.05522400896,2520.37102951152,493.225720374668,3013.59674988619,4037.65197389515,59.4534530499062
"1823",64.5888131601422,1022.56424505102,2520.91024757325,493.242638421806,3014.15288599506,4036.71713104608,59.7344266796475
"1824",65.904535146657,1023.10449574891,2520.48886411436,492.901034038691,3013.38989815305,4036.49439390197,60.3802806381957
"1825",66.3913781829775,1023.19414031592,2520.17205160156,493.525403620756,3013.69745522231,4036.89159553823,60.1229188660142
"1826",66.6218396143408,1023.08868054861,2520.75194541415,494.196786602199,3014.94873201634,4038.03741256496,59.7327876369975
"1827",67.1742247308995,1022.99376920965,2521.23377221792,495.692438717755,3016.92621093568,4039.91998014533,59.371519570305
"1828",64.4166412415457,1021.79427573844,2521.249132939,495.116465734509,3016.36559867351,4038.15987441195,59.9207868522168
"1829",64.8744598582359,1021.6595105329,2521.07060060797,494.449141393912,3015.51974200188,4037.17925253478,60.0940909313874
"1830",67.1230864382651,1023.14214790293,2521.31388965958,494.253354110686,3015.56724377026,4038.70939167319,59.9483806102461
"1831",68.3169455226192,1024.84024037449,2521.31455023526,494.383692111692,3015.69824234696,4040.53848272145,60.6653485406707
"1832",65.6544191861956,1024.11165285312,2521.62370426284,494.169865245481,3015.79356950832,4039.90522236145,60.5501078068952
"1833",66.2253554974165,1024.58080068247,2521.66102274152,493.502422258882,3015.1634450004,4039.74424568288,60.6595124031753
"1834",64.6698438727748,1023.17980879235,2521.28181975728,493.662758121118,3014.9445778784,4038.12438667075,60.1458160665886
"1835",66.3487369401971,1022.59949575025,2521.45869350255,494.373321406916,3015.83201490947,4038.43151065972,60.5818643769778
"1836",65.6102851426517,1023.20596314304,2520.94571042638,493.636355570518,3014.58206599689,4037.78802913993,60.5217427635358
"1837",66.2764710473482,1023.80836609883,2521.02673399129,493.273366061357,3014.30010005265,4038.10846615147,60.4001259686942
"1838",64.9280921602424,1023.22364443452,2520.82729379054,493.074559307868,3013.90185309841,4037.12549753293,60.0458948636068
"1839",63.3461096874957,1021.42402995432,2520.46071001079,492.989903727773,3013.45061373856,4034.87464369288,59.4354415145985
"1840",64.9327281681748,1020.91180184937,2520.00126090261,493.042278176082,3013.04353907869,4033.95534092806,60.1843288692644
"1841",65.9090445988121,1021.70919391223,2519.4957633716,493.292832978356,3012.78859634995,4034.49779026219,59.592176444407
"1842",63.2291899975559,1020.13076010612,2519.08017776596,493.327802701496,3012.40798046746,4032.53874057358,58.9668731010913
"1843",65.5301821728088,1020.82401676043,2518.91231694313,493.3999590325,3012.31227597563,4033.13629273606,59.0077006347348
"1844",67.4311140755225,1022.93243604228,2518.8411784572,493.802058020124,3012.64323647732,4035.5756725196,59.1830634274854
"1845",65.4663556692958,1023.19071202095,2518.63434031479,493.913097609028,3012.54743792382,4035.73814994477,59.5874077546721
"1846",67.3489068895695,1023.84762589527,2518.60964766128,494.319953732011,3012.92960139329,4036.77722728857,60.3067269164638
"1847",67.5224654813491,1025.40841458319,2519.03097657253,494.764787845054,3013.79576441758,4039.20417900077,59.3288105885549
"1848",66.4117925945894,1025.27048686292,2519.92088630432,494.826066244881,3014.7469525492,4040.01743941212,59.8407157107252
"1849",65.9049535479828,1024.50372633435,2520.7555633386,494.696264597362,3015.45182793596,4039.95555427031,59.7354063958241
"1850",67.2650110133167,1024.97919672617,2521.17835126083,495.049299024194,3016.22765028502,4041.20684701119,60.2335163133328
"1851",66.2261000780954,1025.33657105011,2521.53303322087,494.815550135385,3016.34858335625,4041.68515440636,60.0486825960549
"1852",66.233708472473,1026.26876250556,2521.91406032588,494.211440787158,3016.12550111304,4042.3942636186,59.6089470275325
"1853",65.0220672984055,1024.7146734287,2522.68058832623,494.272906769002,3016.95349509523,4041.66816852393,59.934349159537
"1854",66.5460779095245,1025.56091607022,2522.50120115547,493.816807124058,3016.31800827952,4041.87892434975,60.5863346659348
"1855",66.9797622858285,1025.82837661786,2522.37013167411,494.378840705522,3016.74897237963,4042.57734899749,60.3767127114005
"1856",67.1343366017522,1025.82569487182,2523.15648909107,495.006401918414,3018.16289100949,4043.9885858813,59.9846626529042
"1857",67.8089102598986,1025.94462849056,2523.90210787552,496.418024666123,3020.32013254164,4046.2647610322,59.6022120747286
"1858",65.1912432506618,1024.80603239519,2524.15258672303,495.976098175138,3020.12868489817,4044.93471729335,60.1794467693068
"1859",65.5427411530057,1024.6068019213,2524.29814147182,495.380384226391,3019.67852569821,4044.28532761951,60.4144944295539
"1860",68.0131033787884,1026.4095045508,2524.82816247577,495.105491045234,3019.93365352101,4046.34315807181,60.2736731684649
"1861",69.1737240406167,1028.07960228987,2525.14157100481,495.399976356804,3020.54154736161,4048.62114965148,61.0526867218442
"1862",66.4852927008888,1027.47356967586,2525.77096801989,495.160838201873,3020.93180622176,4048.40537589762,60.9573843245314
"1863",67.0124311903665,1028.05242306189,2526.11202836472,494.42073600474,3020.53276436946,4048.58518743135,61.0732758000681
"1864",65.6549740391887,1026.85228896706,2526.06667849485,494.563583368263,3020.63026186311,4047.48255083017,60.5858852319557
"1865",67.2825104128866,1026.35232142555,2526.52549166559,495.361683073673,3021.88717473926,4048.23949616482,61.0545773331471
"1866",66.7837366932392,1027.40708863056,2526.28908981013,494.578664711941,3020.86775452207,4048.27484315263,60.9961324343502
"1867",67.3743859748215,1028.15173505033,2526.70512469424,494.326517490193,3021.03164218443,4049.18337723475,60.9063944495443
"1868",66.1042522853412,1027.81972964358,2526.81945591808,494.168872825843,3020.98832874392,4048.80805838751,60.5839738004332
"1869",64.5035531321626,1026.22652905482,2526.76083928956,494.148247167272,3020.90908645683,4047.13561551165,59.991185504079
"1870",66.0508196214315,1025.94296837768,2526.63909486926,494.141307146663,3020.78040201593,4046.7233703936,60.7704330155423
"1871",66.7810192824747,1026.65554491568,2526.44828256619,494.426594323458,3020.87487688965,4047.53042180533,60.1887167993188
"1872",63.7524180809388,1024.6627168429,2526.27358196444,494.561500943895,3020.83508290834,4045.49779975124,59.566826778166
"1873",66.2544007202612,1025.39457934201,2526.39491786927,494.45700397044,3020.85192183971,4046.24650118172,59.5737941211022
"1874",68.4382148073675,1027.7430849345,2526.55067313585,494.7862059299,3021.33687906575,4049.07996400025,59.7613365040361
"1875",66.3869934961344,1028.07723901657,2526.61672874859,494.814412601928,3021.43114135052,4049.50838036709,60.2132375431032
"1876",68.1478233917201,1028.64776865547,2526.84615179139,495.200786802473,3022.04693859386,4050.69470724933,60.945379836838
"1877",68.5613836609565,1030.37394887186,2527.53932169685,495.618328145256,3023.15764984211,4053.53159871396,59.9480376446536
"1878",67.3589814948603,1030.32316981746,2528.67910938105,495.618321649832,3024.29743103088,4054.62060084834,60.5022351098172
"1879",66.9166793753417,1029.55762110955,2529.82152461962,495.496572168074,3025.3180967877,4054.87571789725,60.3943056652069
"1880",68.037811071984,1030.1047220898,2530.45250952897,495.643169467887,3026.09567899686,4056.20040108666,60.9300656551794
"1881",67.1725049095095,1030.50921575513,2531.04475347213,495.401880523036,3026.44663399516,4056.95584975029,60.7073625357704
"1882",66.948110004505,1031.33270163067,2531.630857476,494.726493691188,3026.35735116718,4057.69005279785,60.2891695367601
"1883",66.0794192030368,1029.92222988504,2532.54999067232,494.876499377931,3027.42649005025,4057.34871993529,60.5913041843057
"1884",67.5059254643873,1030.74719980325,2532.55039094233,494.511562551895,3027.06195349422,4057.80915329748,61.2829692505498
"1885",67.8979913881455,1031.19377338386,2532.55570248702,494.990157685439,3027.54586017246,4058.73963355632,61.0620561365896
"1886",68.1031291628365,1031.10971819437,2533.50255479804,495.823569682231,3029.32612448027,4060.43584267464,60.6563552507728
"1887",68.8039867318592,1031.16772787557,2534.43774125023,497.390672696783,3031.82841394701,4062.99614182258,60.2956240879667
"1888",66.0802989408965,1029.88942084155,2534.93611392517,497.034874295093,3031.97098822026,4061.86040906181,60.9033414384311
"1889",66.502073583902,1029.94400896878,2535.22303720088,496.273585916459,3031.49662311734,4061.44063208611,61.1319381371484
"1890",69.0769873070162,1031.78023880713,2535.96433274096,496.105565963214,3032.06989870418,4063.85013751131,60.9977601194502
"1891",70.0829880327948,1033.47577928972,2536.51455901342,496.281837471953,3032.79639648537,4066.27217577508,61.8183112943588
"1892",67.4365479710349,1033.00076298247,2537.29829953188,495.95653013378,3033.25482966566,4066.25559264813,61.6990900889742
"1893",68.1788903844041,1033.75590979975,2537.81942632611,495.301136476875,3033.12056280298,4066.87647260273,61.817304586268
"1894",66.4291757765972,1032.5452789905,2537.98245340902,495.259510865378,3033.2419642744,4065.7872432649,61.3573300811232
"1895",68.5479054579415,1032.2907028301,2538.66361756177,496.111515312558,3034.77513287433,4067.06583570443,61.7938350204904
"1896",67.9371257337446,1033.54204417221,2538.69098679033,495.218933254044,3033.90992004437,4067.45196421658,61.8080964278945
"1897",68.672177222757,1034.73651521144,2539.2780875628,494.814198241499,3034.0922858043,4068.82880101574,61.7181453975548
"1898",67.0061320021954,1034.41546842573,2539.5831839828,494.522024474164,3034.10520845697,4068.52067688269,61.4029207676844
"1899",65.4152329926663,1032.72910891436,2539.73012568359,494.516035920931,3034.24616160452,4066.97527051888,60.7668640577921
"1900",66.9492606413472,1032.3429626374,2539.7823964349,494.531838698398,3034.3142351333,4066.65719777069,61.5633977199987
"1901",67.7559008667986,1033.22314998299,2539.74199637318,494.677013816331,3034.41901018951,4067.6421601725,60.9940526923208
"1902",64.8836098941926,1031.55848551671,2539.71177666733,494.668108237306,3034.37988490463,4065.93837042134,60.3500930253837
"1903",67.5435494541004,1032.42657958515,2540.05838604377,494.677866140861,3034.73625218463,4067.16283176978,60.3709179569497
"1904",69.5072995237257,1034.80871653939,2540.39112945931,495.026403185678,3035.41753264499,4070.22624918437,60.5865731693007
"1905",67.41077939396,1035.13012524691,2540.64197838222,495.063917298148,3035.70589568037,4070.83602092728,61.0455129750488
"1906",69.1997815266479,1035.76845176128,2541.02003051865,495.448378657287,3036.46840917594,4072.23686093722,61.7856150313942
"1907",69.663058207124,1037.53888723538,2541.87153550487,495.91849470353,3037.7900302084,4075.32891744378,60.7695366616208
"1908",68.5368144976435,1037.59433065949,2543.19853715978,495.936082831406,3039.13461999118,4076.72895065068,61.342962036072
"1909",68.0169094999757,1036.91643619485,2544.50370645718,495.765847880599,3040.26955433778,4077.18599053264,61.2597296144425
"1910",69.3406894310474,1037.56102284506,2545.35786319702,496.027462867995,3041.38532606501,4078.94634891007,61.7882305355806
"1911",68.3683184033954,1037.89173456127,2546.23022472554,495.871118927451,3042.10134365299,4079.99307821426,61.6047917789698
"1912",68.1445278800415,1038.82095619316,2546.99800513918,495.174525949899,3042.17253108908,4080.99348728224,61.1922731312271
"1913",67.4852510809398,1037.60896524023,2548.19307093982,495.353428587409,3043.54649952723,4081.15546476747,61.4987252083291
"1914",68.8069797822216,1038.45421964629,2548.385297311,495.090901549894,3043.47619886089,4081.93041850719,62.2461501933753
"1915",69.3300449337632,1039.01703122606,2548.61811459246,495.693796082951,3044.31191067541,4083.32894190148,62.0124899755533
"1916",69.3236377735825,1038.86256529207,2549.77500612704,496.600872807155,3046.37587893419,4085.23844422626,61.6365359481114
"1917",69.817598439565,1038.75953606995,2550.9167987761,498.120817865016,3049.03761664112,4087.79715271107,61.2839909679729
"1918",67.0715898298529,1037.50320176045,2551.55923607661,497.630061247815,3049.18929732443,4086.69249908488,61.8638118435696
"1919",67.7185949605004,1037.54051617469,2552.10950297798,496.857902776411,3048.96740575439,4086.50792192907,62.0978342983748
"1920",70.4973950043923,1039.5331719417,2553.07325841213,496.695129265116,3049.76838767725,4089.30155961895,62.0120182230412
"1921",71.3329260581119,1041.22383241962,2553.78218811212,496.929559086997,3050.71174719912,4091.93557961874,62.8379889617719
"1922",68.8459217444271,1040.78564491599,2554.81507693835,496.706148406507,3051.52122534485,4092.30687026085,62.7022758842759
"1923",69.3359918696495,1041.58418101908,2555.54779896147,495.882647202014,3051.43044616348,4093.01462718257,62.8700259180325
"1924",67.8518377031019,1040.51894467616,2555.92079738026,495.862941645248,3051.7837390255,4092.30268370166,62.3784610943469
"1925",69.8597822605508,1040.29203124829,2556.82637140005,496.701866308912,3053.52823770896,4093.82026895725,62.8541232924904
"1926",69.1323142678609,1041.45684826237,2557.02567156298,495.829874153092,3052.85554571608,4094.31239397844,62.8739213667709
"1927",69.5322013754473,1042.24233102977,2557.79351274552,495.43575785304,3053.22927059856,4095.47160162833,62.7678329043169
"1928",68.4686754421074,1042.12438729696,2558.30179145154,495.178795233368,3053.48058668491,4095.60497398188,62.4185852159055
"1929",66.8131925426083,1040.68363843275,2558.59617789204,495.086755195758,3053.6829330878,4094.36657152055,61.8427999715666
"1930",68.4686569324023,1040.58104821221,2558.87104878619,495.019387054838,3053.89043584103,4094.47148405324,62.6461182827966
"1931",70.2419009984118,1041.72136210154,2558.91823382733,495.400532030559,3054.31876585789,4096.04012795942,62.9667623752649
"1932",69.9012132317631,1042.73206986361,2558.97409805439,495.417932633713,3054.39203068811,4097.12410055172,63.2218377909871
"1933",69.0411910764329,1042.19169004309,2559.67894862314,496.195042905015,3055.87399152815,4098.06568157124,62.1966644520821
"1934",69.7042127787242,1040.30256457437,2560.55947960678,498.326577375702,3058.88605698248,4099.18862155685,62.816623274849
"1935",68.8014256089524,1040.37334883593,2560.80747619468,498.256444858427,3059.06392105311,4099.43726988903,62.739988500647
"1936",69.6243425178668,1040.13054003824,2561.68718667123,498.904705471722,3060.59189214295,4100.72243218119,62.6996897891923
"1937",69.6615732325016,1041.48083982584,2561.63157222879,498.305134854948,3059.93670708374,4101.41754690957,63.2416463282478
"1938",70.2177005115387,1041.45358974763,2561.83614904315,498.826012097363,3060.66216114051,4102.11575088814,63.6754223961626
"1939",71.8766509352883,1043.39804170056,2562.4738537779,499.358355006019,3061.83220878392,4105.23025048447,63.1710652471876
"1940",70.3072349425954,1044.19769718828,2563.15788425456,499.177494834341,3062.3353790889,4106.53307627718,63.0071243877703
"1941",69.877045678424,1042.77463884202,2564.42358842223,500.354852745248,3064.77844116747,4107.55308000949,63.1899455646693
"1942",70.6096119009002,1043.01195106516,2565.20290891545,501.113426347936,3066.31633526339,4109.32828632854,63.0613901524162
"1943",70.5976743161558,1041.45586810036,2566.2461052767,502.390204468443,3068.63630974514,4110.0921778455,63.857556833252
"1944",68.8828531071669,1039.69871076224,2566.3893939022,502.685978079293,3069.07537198149,4108.77408274374,64.1004523800139
"1945",68.6347460944528,1038.87710039849,2566.89309289169,502.377949266735,3069.27104215843,4108.14814255692,63.1531715714269
"1946",70.1927847556766,1039.18317899044,2567.56357549226,502.510412870368,3070.07398836262,4109.25716735307,63.0289360442799
"1947",70.9983295366577,1039.88444187013,2568.60209652034,502.841529000755,3071.4436255211,4111.32806739123,63.2384510416094
"1948",69.9359148753217,1040.84531640559,2568.62485691332,501.976923467039,3070.60178038036,4111.44709678596,63.9865414218295
"1949",69.8085635127703,1041.01773023881,2568.68138210089,501.930936157053,3070.61231825794,4111.63004849676,63.6780594272478
"1950",72.0903180991188,1042.42747162325,2570.08085859434,502.610835878065,3072.6916944724,4115.11916609566,62.776051199921
"1951",68.9640470034034,1041.09046224886,2571.03944105496,502.688843754436,3073.7282848094,4114.81874705826,63.326884452758
"1952",69.0768755102045,1041.10311767653,2571.05176377795,502.28852338224,3073.34028716019,4114.44340483671,63.5529791524156
"1953",71.4411185030115,1042.6136611951,2571.32357825036,502.159943803636,3073.483522054,4116.0971832491,63.9835838439279
"1954",71.5500506954721,1043.52912127026,2571.78673357994,502.958618901553,3074.74535248149,4118.27447375175,63.4695397546916
"1955",72.3379777369226,1043.53606457133,2573.16702027882,504.538370068334,3077.70539034716,4121.24145491848,63.5445773162165
"1956",73.0194375438157,1044.22784315109,2575.48877978333,505.994101436732,3081.48288122006,4125.71072437115,63.0513313214307
"1957",71.1417983356559,1043.86148936087,2577.18267309777,505.66011781882,3082.84279091659,4126.70428027746,64.3805280678103
"1958",71.049683971427,1044.32147508438,2577.93507917723,505.200315072526,3083.13539424975,4127.45686933413,64.5564861000794
"1959",71.2228476290693,1044.77898025195,2578.72610838962,504.955788773395,3083.68189716302,4128.46087741497,64.4308463842577
"1960",71.8137359151188,1046.1117837201,2579.64869038308,504.65989710103,3084.30858748411,4130.42037120421,64.1720382295336
"1961",70.2733865007683,1045.77279183263,2580.06586271248,504.127607400971,3084.19347011345,4129.96626194609,64.6748019091753
"1962",70.6520920208226,1046.13345367987,2580.10088233993,504.237980189087,3084.33886252902,4130.47231620889,64.2723962543746
"1963",71.535112403634,1046.39787792967,2580.54096176207,504.512784788128,3085.0537465502,4131.45162447987,64.1931946819444
"1964",70.8910061844989,1045.38680600466,2581.64080277764,505.749403561248,3087.39020633889,4132.77701234355,63.5689875880572
"1965",68.2917827284706,1044.32336552201,2582.06618334297,504.864757968509,3086.93094131148,4131.25430683349,63.5382602105278
"1966",71.5648876103909,1045.70727015259,2582.77694943193,504.942949703325,3087.71989913525,4133.42716928784,63.6983150583357
"1967",72.6767447727142,1047.70799653825,2583.13408060755,505.165960366992,3088.30004097454,4136.00803751278,64.1445233143623
"1968",73.5499161818828,1049.49877475091,2584.66102750139,505.905776650424,3090.56680415182,4140.06557890273,63.8478294170365
"1969",70.5532551597746,1049.26093751244,2586.0923939931,505.659895457296,3091.7522894504,4141.01322696284,63.791057693664
"1970",69.5631490864375,1048.18110509897,2587.13308498505,505.062755154297,3092.19584013935,4140.37694523832,64.3254860533815
"1971",73.056846976851,1050.25178911136,2587.65999108206,505.477639330315,3093.13763041237,4143.38941952373,64.3177057106322
"1972",72.0913316398681,1052.04966518606,2588.33963686587,505.619829484407,3093.95946635028,4146.00913153634,63.9537167370038
"1973",73.8136663073378,1053.80424042791,2589.05898862516,505.938531027784,3094.99751965294,4148.80176008085,65.2582704368932
"1974",76.550961786855,1057.12032059666,2590.40025968313,507.239904698878,3097.64016438201,4154.76048497867,64.8029094943545
"1975",74.7911427154631,1058.03751462553,2591.85442431031,507.968371035226,3099.82279534554,4157.86030997107,65.9553850590064
"1976",75.693926177016,1060.40822780622,2593.88394849879,508.720334061068,3102.60428255986,4163.01251036608,64.8001997756401
"1977",74.1651885649057,1060.27232288343,2596.16512832629,508.914733063422,3105.07986138971,4165.35218427314,66.0820775600573
"1978",76.1012508993745,1061.82433441267,2598.57587175118,509.640394221421,3108.2162659726,4170.04060038527,65.6816322821056
"1979",71.8858539378645,1059.98661379954,2600.06862099759,509.696812981148,3109.76543397874,4169.75204777828,65.9916615489421
"1980",69.5840479937875,1057.35223191716,2600.68147514345,509.169596095562,3109.85107123902,4167.20330315618,66.1247277020337
"1981",74.8410371645615,1058.36728246925,2601.54441734955,509.793322050114,3111.33773939966,4169.70502186891,66.6069406727925
"1982",73.966380154639,1060.54931436553,2601.60369630957,509.702440871379,3111.30613718095,4171.85545154648,65.9952044494641
"1983",71.8151876462213,1058.429829953,2601.67891234246,510.482653961847,3112.1615663043,4170.5913962573,66.8160640208277
"1984",75.3292659250014,1060.54383414493,2602.27159619098,511.62690150801,3113.89849769899,4174.44233184392,65.8520936657945
"1985",74.477704628692,1061.75966548632,2603.67379734733,512.29521850725,3115.96901585458,4177.7286813409,65.309814605736
"1986",73.1611848930119,1061.98862564712,2604.6371643875,512.4551329063,3117.0922972938,4179.08092294092,65.9683207013929
"1987",71.5420739794766,1062.49734174881,2604.47751904865,511.512104759581,3115.98962380823,4178.48696555704,65.9475030672212
"1988",73.470006322665,1062.27440051149,2605.22519058389,511.947022349477,3117.17221293336,4179.44661344486,66.314319999778
"1989",76.8202984843257,1065.09742516617,2605.78151938824,513.09901251128,3118.88053189952,4183.97795706569,66.48995210691
"1990",77.3139741764192,1067.85972639973,2606.09729153379,514.032650383386,3120.12994191718,4187.9896683169,67.5984385651799
"1991",74.4163921827078,1068.51184603384,2606.47168990791,514.05782498292,3120.52951489083,4189.04136092468,67.0563249926785
"1992",75.6430729535132,1069.37161025501,2607.76053111577,515.401373908757,3123.16190502453,4192.53351527954,65.9230381438372
"1993",75.6146890556543,1070.66000551041,2609.13891058675,516.082282117147,3125.2211927039,4195.88119821431,66.2883449454269
"1994",72.996302526644,1069.0874020548,2610.01500587546,516.464543958003,3126.47954983347,4195.56695188826,66.7310323220362
"1995",75.118912273805,1069.2787915728,2610.53971506487,517.450522913573,3127.99023797844,4197.26902955124,67.3354527969543
"1996",76.7736875402321,1072.13204044639,2611.7783080379,518.071445598674,3129.84975363657,4201.98179408296,66.0242609258151
"1997",77.5045472900521,1074.07391866603,2613.32541785323,518.698001190593,3132.02341904382,4206.09733770985,67.2887194901214
"1998",75.8782293945498,1073.95477113031,2614.20971828194,519.033177799928,3133.24289608186,4207.19766721218,68.3299250735567
"1999",77.5666193973501,1073.42081209778,2616.02320180679,520.868870002938,3136.89207180973,4210.31288390751,68.0184873541329
"2000",80.0799736703412,1075.87063551671,2617.24426398236,522.623042687305,3139.86730666966,4215.73794218637,68.5598737522847
"2001",76.933889122196,1077.11075895917,2618.33457315408,522.012876630972,3140.34744978506,4217.45820874422,68.8155069625362
"2002",74.3706307815031,1076.6403478764,2619.25795198398,521.303605923528,3140.5615579075,4217.2019057839,68.3176864490405
"2003",76.3587971028034,1078.08923189642,2620.02002761236,521.016776875667,3141.03680448802,4219.12603638444,67.9872430960559
"2004",77.9663352818417,1079.60175152814,2621.35962694402,521.669189099376,3143.0288160434,4222.63056757154,68.3464277122389
"2005",76.0420406866243,1080.18394132298,2621.67286771816,521.232206787067,3142.90507450523,4223.08901582821,69.0929047387745
"2006",78.4776561812071,1082.21186825517,2623.03675725573,521.631171710377,3144.66792896611,4226.87979722128,68.5275433374693
"2007",78.4798365627091,1083.24304934286,2623.9486648412,522.226896889515,3146.17556173071,4229.41861107357,69.3715965054161
"2008",77.3858556326281,1084.43936596519,2624.68462472908,522.481362914244,3147.16598764332,4231.60535360851,69.0285331564253
"2009",77.6616578395908,1086.38830724032,2625.61792514359,522.432098414454,3148.05002355804,4234.43833079836,68.4285244041342
"2010",79.2973425530304,1085.78787907465,2627.85749202069,525.028573250384,3152.88606527108,4238.67394434572,68.842700675085
"2011",79.7817734778521,1086.69594863961,2629.60402883083,526.558484257392,3156.16251308823,4242.85846172783,69.2505618863772
